Workbook

Sheet Resumo Geral
A1: SIMULAÇÃO DE RESULTADOS ZEPPELIN-APPSEC (3 SQUADS - MODELO PURDUE)
A2: Diagnóstico por Equipe (1 Avaliação por Squad | Escala Oficial Zeppelin: AL0 a AL4)
A4: 1. COMPARATIVO DE MATURIDADE POR DIMENSÃO SMAF (MÉDIA DOS PESOS DE ADOÇÃO: 0,0 a 1,0)
A5: Dimensão SMAF | B5: Squad A (Nível 2 OT) | C5: Squad B (Nível 3 MES) | D5: Squad C (Nível 4 ERP) | E5: Média Geral
A6: Governança | B6: =AVERAGEIFS('Squad A'!$E$4:$E$43, 'Squad A'!$C$4:$C$43, A6) | C6: =AVERAGEIFS('Squad B'!$E$4:$E$43, 'Squad B'!$C$4:$C$43, A6) | D6: =AVERAGEIFS('Squad C'!$E$4:$E$43, 'Squad C'!$C$4:$C$43, A6) | E6: =AVERAGE(B6:D6)
A7: Arquitetura e Design | B7: =AVERAGEIFS('Squad A'!$E$4:$E$43, 'Squad A'!$C$4:$C$43, A7) | C7: =AVERAGEIFS('Squad B'!$E$4:$E$43, 'Squad B'!$C$4:$C$43, A7) | D7: =AVERAGEIFS('Squad C'!$E$4:$E$43, 'Squad C'!$C$4:$C$43, A7) | E7: =AVERAGE(B7:D7)
A8: Desenvol. e Revisão | B8: =AVERAGEIFS('Squad A'!$E$4:$E$43, 'Squad A'!$C$4:$C$43, A8) | C8: =AVERAGEIFS('Squad B'!$E$4:$E$43, 'Squad B'!$C$4:$C$43, A8) | D8: =AVERAGEIFS('Squad C'!$E$4:$E$43, 'Squad C'!$C$4:$C$43, A8) | E8: =AVERAGE(B8:D8)
A9: Construção e Impl. | B9: =AVERAGEIFS('Squad A'!$E$4:$E$43, 'Squad A'!$C$4:$C$43, A9) | C9: =AVERAGEIFS('Squad B'!$E$4:$E$43, 'Squad B'!$C$4:$C$43, A9) | D9: =AVERAGEIFS('Squad C'!$E$4:$E$43, 'Squad C'!$C$4:$C$43, A9) | E9: =AVERAGE(B9:D9)
A10: Testes e Verificação | B10: =AVERAGEIFS('Squad A'!$E$4:$E$43, 'Squad A'!$C$4:$C$43, A10) | C10: =AVERAGEIFS('Squad B'!$E$4:$E$43, 'Squad B'!$C$4:$C$43, A10) | D10: =AVERAGEIFS('Squad C'!$E$4:$E$43, 'Squad C'!$C$4:$C$43, A10) | E10: =AVERAGE(B10:D10)
A11: Operações e Obs. | B11: =AVERAGEIFS('Squad A'!$E$4:$E$43, 'Squad A'!$C$4:$C$43, A11) | C11: =AVERAGEIFS('Squad B'!$E$4:$E$43, 'Squad B'!$C$4:$C$43, A11) | D11: =AVERAGEIFS('Squad C'!$E$4:$E$43, 'Squad C'!$C$4:$C$43, A11) | E11: =AVERAGE(B11:D11)
A12: MÉDIA GERAL (MÉDIA DE PESO GLOBAL) | B12: =AVERAGE(B6:B11) | C12: =AVERAGE(C6:C11) | D12: =AVERAGE(D6:D11) | E12: =AVERAGE(B12:D12)
A14: 2. GRAU DE ADOÇÃO PERCENTUAL GLOBAL (AD% = PESO × 100%)
A15: Dimensão SMAF | B15: Squad A (Nível 2 OT) | C15: Squad B (Nível 3 MES) | D15: Squad C (Nível 4 ERP) | E15: Média Geral
A16: Governança | B16: =B6 | C16: =C6 | D16: =D6 | E16: =E6
A17: Arquitetura e Design | B17: =B7 | C17: =C7 | D17: =D7 | E17: =E7
A18: Desenvol. e Revisão | B18: =B8 | C18: =C8 | D18: =D8 | E18: =E8
A19: Construção e Impl. | B19: =B9 | C19: =C9 | D19: =D9 | E19: =E9
A20: Testes e Verificação | B20: =B10 | C20: =C10 | D20: =D10 | E20: =E10
A21: Operações e Obs. | B21: =B11 | C21: =C11 | D21: =D11 | E21: =E11
A22: GRAU DE ADOÇÃO GLOBAL (AD%) | B22: =B12 | C22: =C12 | D22: =D12 | E22: =E12

Sheet Squad A
A1: DIAGNÓSTICO ZEPPELIN-APPSEC - SQUAD A
A2: Squad A (Nível 2 OT - Controle de Processos)
A3: Cód. | B3: Declaração Simplificada da Prática (DX) | C3: Dimensão SMAF | D3: Nível de Adoção (AL0 a AL4) | E3: Peso de Adoção (Peso) | F3: Grau de Adoção (AD%)
A4: AO.01 | B4: Regras técnicas e objetivos de segurança documentados e divulgados para todas as squads. | C4: Governança | D4: 3 | E4: =CHOOSE(D4+1, 0, 0.1, 0.3, 0.6, 1.0) | F4: =E4
A5: AO.02 | B5: Mapeamos a criticidade e o perfil de risco de cada aplicação (sensibilidade dos dados e exposição) para calibrar os requisitos de segurança. | C5: Governança | D5: 3 | E5: =CHOOSE(D5+1, 0, 0.1, 0.3, 0.6, 1.0) | F5: =E5
A6: VER.01 | B6: Realizamos testes de invasão (pentests) manuais ou auditorias formais de segurança antes de lançamentos críticos. | C6: Testes e Verificação | D6: 3 | E6: =CHOOSE(D6+1, 0, 0.1, 0.3, 0.6, 1.0) | F6: =E6
A7: GOV.01 | B7: Possuímos Security Champions ou grupos de ação (BAGs) formalizados e atuando diretamente junto às squads. | C7: Governança | D7: 2 | E7: =CHOOSE(D7+1, 0, 0.1, 0.3, 0.6, 1.0) | F7: =E7
A8: GOV.02 | B8: Promovemos treinamentos e capacitações periódicas em codificação segura (ex: OWASP Top 10) para os desenvolvedores. | C8: Governança | D8: 2 | E8: =CHOOSE(D8+1, 0, 0.1, 0.3, 0.6, 1.0) | F8: =E8
A9: ARQ.01 | B9: Discutimos requisitos de segurança no planejamento da sprint através de estórias de usuário de segurança (Security Stories) ou Threat Poker. | C9: Arquitetura e Design | D9: 2 | E9: =CHOOSE(D9+1, 0, 0.1, 0.3, 0.6, 1.0) | F9: =E9
A10: ARQ.02 | B10: Adotamos padrões e princípios formais de arquitetura segura (ex: defesa em camadas, menor privilégio). | C10: Arquitetura e Design | D10: 2 | E10: =CHOOSE(D10+1, 0, 0.1, 0.3, 0.6, 1.0) | F10: =E10
A11: ARQ.03 | B11: Utilizamos bibliotecas corporativas padronizadas e validadas para autenticação, autorização e criptografia. | C11: Arquitetura e Design | D11: 1 | E11: =CHOOSE(D11+1, 0, 0.1, 0.3, 0.6, 1.0) | F11: =E11
A12: ARQ.04 | B12: Possuímos diretrizes técnicas e governança para o uso seguro de Inteligência Artificial Generativa e LLMs no desenvolvimento. | C12: Arquitetura e Design | D12: 1 | E12: =CHOOSE(D12+1, 0, 0.1, 0.3, 0.6, 1.0) | F12: =E12
A13: COD.01 | B13: Utilizamos guias de código seguro e linters/analisadores estáticos de segurança integrados à IDE local dos desenvolvedores. | C13: Desenvol. e Revisão | D13: 2 | E13: =CHOOSE(D13+1, 0, 0.1, 0.3, 0.6, 1.0) | F13: =E13
A14: COD.02 | B14: Realizamos revisão de código por pares (Peer Review / PR Review) com foco explícito na identificação de falhas de segurança. | C14: Desenvol. e Revisão | D14: 2 | E14: =CHOOSE(D14+1, 0, 0.1, 0.3, 0.6, 1.0) | F14: =E14
A15: COD.03 | B15: Utilizamos mecanismos automáticos (ex: pre-commit hooks) para impedir o envio acidental de credenciais e segredos ao repositório. | C15: Desenvol. e Revisão | D15: 2 | E15: =CHOOSE(D15+1, 0, 0.1, 0.3, 0.6, 1.0) | F15: =E15
... A43: OPE.08 | B43: Utilizamos estratégias de implantação segura (Canary Deployments / Blue-Green) com rollback automático em caso de falha de segurança. | C43: Operações e Obs. | D43: 1 | E43: =CHOOSE(D43+1, 0, 0.1, 0.3, 0.6, 1.0) | F43: =E43
A44: MÉDIA GLOBAL DA SQUAD | D44: =AVERAGE(D4:D43) | E44: =AVERAGE(E4:E43) | F44: =E44

Sheet Squad B
A1: DIAGNÓSTICO ZEPPELIN-APPSEC - SQUAD B
A2: Squad B (Nível 3 MES - Operações de Manufatura)
A3: Cód. | B3: Declaração Simplificada da Prática (DX) | C3: Dimensão SMAF | D3: Nível de Adoção (AL0 a AL4) | E3: Peso de Adoção (Peso) | F3: Grau de Adoção (AD%)
A4: AO.01 | B4: Regras técnicas e objetivos de segurança documentados e divulgados para todas as squads. | C4: Governança | D4: 3 | E4: =CHOOSE(D4+1, 0, 0.1, 0.3, 0.6, 1.0) | F4: =E4
A5: AO.02 | B5: Mapeamos a criticidade e o perfil de risco de cada aplicação (sensibilidade dos dados e exposição) para calibrar os requisitos de segurança. | C5: Governança | D5: 3 | E5: =CHOOSE(D5+1, 0, 0.1, 0.3, 0.6, 1.0) | F5: =E5
A6: VER.01 | B6: Realizamos testes de invasão (pentests) manuais ou auditorias formais de segurança antes de lançamentos críticos. | C6: Testes e Verificação | D6: 3 | E6: =CHOOSE(D6+1, 0, 0.1, 0.3, 0.6, 1.0) | F6: =E6
A7: GOV.01 | B7: Possuímos Security Champions ou grupos de ação (BAGs) formalizados e atuando diretamente junto às squads. | C7: Governança | D7: 3 | E7: =CHOOSE(D7+1, 0, 0.1, 0.3, 0.6, 1.0) | F7: =E7
A8: GOV.02 | B8: Promovemos treinamentos e capacitações periódicas em codificação segura (ex: OWASP Top 10) para os desenvolvedores. | C8: Governança | D8: 3 | E8: =CHOOSE(D8+1, 0, 0.1, 0.3, 0.6, 1.0) | F8: =E8
A9: ARQ.01 | B9: Discutimos requisitos de segurança no planejamento da sprint através de estórias de usuário de segurança (Security Stories) ou Threat Poker. | C9: Arquitetura e Design | D9: 3 | E9: =CHOOSE(D9+1, 0, 0.1, 0.3, 0.6, 1.0) | F9: =E9
A10: ARQ.02 | B10: Adotamos padrões e princípios formais de arquitetura segura (ex: defesa em camadas, menor privilégio). | C10: Arquitetura e Design | D10: 3 | E10: =CHOOSE(D10+1, 0, 0.1, 0.3, 0.6, 1.0) | F10: =E10
A11: ARQ.03 | B11: Utilizamos bibliotecas corporativas padronizadas e validadas para autenticação, autorização e criptografia. | C11: Arquitetura e Design | D11: 2 | E11: =CHOOSE(D11+1, 0, 0.1, 0.3, 0.6, 1.0) | F11: =E11
A12: ARQ.04 | B12: Possuímos diretrizes técnicas e governança para o uso seguro de Inteligência Artificial Generativa e LLMs no desenvolvimento. | C12: Arquitetura e Design | D12: 2 | E12: =CHOOSE(D12+1, 0, 0.1, 0.3, 0.6, 1.0) | F12: =E12
A13: COD.01 | B13: Utilizamos guias de código seguro e linters/analisadores estáticos de segurança integrados à IDE local dos desenvolvedores. | C13: Desenvol. e Revisão | D13: 3 | E13: =CHOOSE(D13+1, 0, 0.1, 0.3, 0.6, 1.0) | F13: =E13
A14: COD.02 | B14: Realizamos revisão de código por pares (Peer Review / PR Review) com foco explícito na identificação de falhas de segurança. | C14: Desenvol. e Revisão | D14: 3 | E14: =CHOOSE(D14+1, 0, 0.1, 0.3, 0.6, 1.0) | F14: =E14
A15: COD.03 | B15: Utilizamos mecanismos automáticos (ex: pre-commit hooks) para impedir o envio acidental de credenciais e segredos ao repositório. | C15: Desenvol. e Revisão | D15: 3 | E15: =CHOOSE(D15+1, 0, 0.1, 0.3, 0.6, 1.0) | F15: =E15
... A43: OPE.08 | B43: Utilizamos estratégias de implantação segura (Canary Deployments / Blue-Green) com rollback automático em caso de falha de segurança. | C43: Operações e Obs. | D43: 2 | E43: =CHOOSE(D43+1, 0, 0.1, 0.3, 0.6, 1.0) | F43: =E43
A44: MÉDIA GLOBAL DA SQUAD | D44: =AVERAGE(D4:D43) | E44: =AVERAGE(E4:E43) | F44: =E44

Sheet Squad C
A1: DIAGNÓSTICO ZEPPELIN-APPSEC - SQUAD C
A2: Squad C (Nível 4 ERP - TI Corporativa)
A3: Cód. | B3: Declaração Simplificada da Prática (DX) | C3: Dimensão SMAF | D3: Nível de Adoção (AL0 a AL4) | E3: Peso de Adoção (Peso) | F3: Grau de Adoção (AD%)
A4: AO.01 | B4: Regras técnicas e objetivos de segurança documentados e divulgados para todas as squads. | C4: Governança | D4: 4 | E4: =CHOOSE(D4+1, 0, 0.1, 0.3, 0.6, 1.0) | F4: =E4
A5: AO.02 | B5: Mapeamos a criticidade e o perfil de risco de cada aplicação (sensibilidade dos dados e exposição) para calibrar os requisitos de segurança. | C5: Governança | D5: 4 | E5: =CHOOSE(D5+1, 0, 0.1, 0.3, 0.6, 1.0) | F5: =E5
A6: VER.01 | B6: Realizamos testes de invasão (pentests) manuais ou auditorias formais de segurança antes de lançamentos críticos. | C6: Testes e Verificação | D6: 3 | E6: =CHOOSE(D6+1, 0, 0.1, 0.3, 0.6, 1.0) | F6: =E6
A7: GOV.01 | B7: Possuímos Security Champions ou grupos de ação (BAGs) formalizados e atuando diretamente junto às squads. | C7: Governança | D7: 4 | E7: =CHOOSE(D7+1, 0, 0.1, 0.3, 0.6, 1.0) | F7: =E7
A8: GOV.02 | B8: Promovemos treinamentos e capacitações periódicas em codificação segura (ex: OWASP Top 10) para os desenvolvedores. | C8: Governança | D8: 4 | E8: =CHOOSE(D8+1, 0, 0.1, 0.3, 0.6, 1.0) | F8: =E8
A9: ARQ.01 | B9: Discutimos requisitos de segurança no planejamento da sprint através de estórias de usuário de segurança (Security Stories) ou Threat Poker. | C9: Arquitetura e Design | D9: 4 | E9: =CHOOSE(D9+1, 0, 0.1, 0.3, 0.6, 1.0) | F9: =E9
A10: ARQ.02 | B10: Adotamos padrões e princípios formais de arquitetura segura (ex: defesa em camadas, menor privilégio). | C10: Arquitetura e Design | D10: 4 | E10: =CHOOSE(D10+1, 0, 0.1, 0.3, 0.6, 1.0) | F10: =E10
A11: ARQ.03 | B11: Utilizamos bibliotecas corporativas padronizadas e validadas para autenticação, autorização e criptografia. | C11: Arquitetura e Design | D11: 3 | E11: =CHOOSE(D11+1, 0, 0.1, 0.3, 0.6, 1.0) | F11: =E11
A12: ARQ.04 | B12: Possuímos diretrizes técnicas e governança para o uso seguro de Inteligência Artificial Generativa e LLMs no desenvolvimento. | C12: Arquitetura e Design | D12: 3 | E12: =CHOOSE(D12+1, 0, 0.1, 0.3, 0.6, 1.0) | F12: =E12
A13: COD.01 | B13: Utilizamos guias de código seguro e linters/analisadores estáticos de segurança integrados à IDE local dos desenvolvedores. | C13: Desenvol. e Revisão | D13: 4 | E13: =CHOOSE(D13+1, 0, 0.1, 0.3, 0.6, 1.0) | F13: =E13
A14: COD.02 | B14: Realizamos revisão de código por pares (Peer Review / PR Review) com foco explícito na identificação de falhas de segurança. | C14: Desenvol. e Revisão | D14: 4 | E14: =CHOOSE(D14+1, 0, 0.1, 0.3, 0.6, 1.0) | F14: =E14
A15: COD.03 | B15: Utilizamos mecanismos automáticos (ex: pre-commit hooks) para impedir o envio acidental de credenciais e segredos ao repositório. | C15: Desenvol. e Revisão | D15: 4 | E15: =CHOOSE(D15+1, 0, 0.1, 0.3, 0.6, 1.0) | F15: =E15
... A43: OPE.08 | B43: Utilizamos estratégias de implantação segura (Canary Deployments / Blue-Green) com rollback automático em caso de falha de segurança. | C43: Operações e Obs. | D43: 4 | E43: =CHOOSE(D43+1, 0, 0.1, 0.3, 0.6, 1.0) | F43: =E43
A44: MÉDIA GLOBAL DA SQUAD | D44: =AVERAGE(D4:D43) | E44: =AVERAGE(E4:E43) | F44: =E44
